﻿{"cameraMode":{"drawMode":0,"name":"Shaded","section":"Shading Mode"},"sceneLighting":true,"audioPlay":false,"sceneViewState":{"showFog":true,"showMaterialUpdate":false,"showSkybox":true,"showFlares":true,"showImageEffects":true,"showParticleSystems":true},"in2DMode":false,"pivot":{"x":-2.2333436012268068,"y":-15.445442199707032,"z":67.8952865600586},"rotation":{"x":-0.11256914585828781,"y":-0.00536865321919322,"z":0.0006081523606553674,"w":-0.9936292767524719},"size":82.14525604248047,"orthographic":false}