﻿{"cameraMode":{"drawMode":0,"name":"Shaded","section":"Shading Mode"},"sceneLighting":false,"audioPlay":false,"sceneViewState":{"showFog":true,"showMaterialUpdate":false,"showSkybox":false,"showFlares":true,"showImageEffects":true,"showParticleSystems":true},"in2DMode":false,"pivot":{"x":0.0,"y":0.694171130657196,"z":0.11654961109161377},"rotation":{"x":-0.09183192998170853,"y":0.8954129815101624,"z":-0.21799315512180329,"w":-0.37720224261283877},"size":6.152616500854492,"orthographic":false}