﻿{"cameraMode":{"drawMode":0,"name":"Shaded","section":"Shading Mode"},"sceneLighting":false,"audioPlay":false,"sceneViewState":{"showFog":true,"showMaterialUpdate":false,"showSkybox":false,"showFlares":true,"showImageEffects":true,"showParticleSystems":true},"in2DMode":false,"pivot":{"x":0.0,"y":0.48719972372055056,"z":2.9802322387695315e-8},"rotation":{"x":-0.11256914585828781,"y":-0.00536865321919322,"z":0.0006081523606553674,"w":-0.9936292767524719},"size":2.4304957389831545,"orthographic":false}